{"mc":{"aa":{"frameRate":15,"frames":[{"res":"FRAME1","x":-31,"y":-113},{"res":"FRAME2","x":-25,"y":-113},{"res":"FRAME3","x":-25,"y":-112},{"res":"FRAME4","x":-29,"y":-111},{"res":"FRAME5","x":-54,"y":-112},{"res":"FRAME6","x":-50,"y":-112},{"res":"FRAME7","x":-54,"y":-112},{"res":"FRAME8","x":-40,"y":-113}]}},"res":{"FRAME1":{"x":159,"y":283,"w":59,"h":145},"FRAME2":{"x":220,"y":283,"w":52,"h":144},"FRAME3":{"x":165,"y":1,"w":51,"h":143},"FRAME4":{"x":1,"y":145,"w":83,"h":141},"FRAME5":{"x":86,"y":145,"w":77,"h":136},"FRAME6":{"x":81,"y":288,"w":76,"h":140},"FRAME7":{"x":1,"y":1,"w":89,"h":142},"FRAME8":{"x":1,"y":288,"w":78,"h":144}}}